,0,1,2,3,4,5,6,7,8,9,10,11,12,13,14,15,16,17,18,19,20,21,22,23,24,25,26,27,28,29,30,31,32,33,34,35,36,37,38,39,40,41,42,43,44,45,46,47,48,49,50,51,52,53,54,55,56,57,58,59,60,61,62,63,64,65,66,67,68,69,70,71,72,73,74,75,76,77,78,79,80,81,82,83,84,85,86,87,88,89,90
0,1748.16,1984.21,2169.41,1979.13,1012.46,2149.84,1140.23,2564.97,2678.74,1846.15,2398.08,1308.55,1874.17,2069.9,2163.45,845.83,457.24,2517.37,2240.56,1688.85,1903.32,266.08,263.04,1881.95,1161.35,685.99,339.81,460.08,1222.03,2059.42,2028.27,293.39,1579.82,2166.16,2023.58,89.6,872.6,1796.39,131.85,1238.82,962.48,1546.76,646.24,170.83,381.46,869.01,1917.95,2248.6,1599.23,1997.99,2261.14,2439.25,657.37,1135.6,1896.99,879.38,2115.81,1835.46,692.27,1414.63,1439.79,1784.94,1348.37,1550.53,2390.44,1422.78,1989.62,1564.76,1350.27,3069.4,2904.02,2974.9,3212.19,1931.09,2665.6,1670.02,3483.89,3151.83,2144.87,2493.02,2994.64,4297.18,2424.35,2920.22,3053.55,2840.11,3310.43,3587.88,3545.15,5094.11,type-A
1,1909.29,2989.71,2394.37,2303.31,1148.92,2751.13,1229.14,2142.05,1920.05,2243.39,1409.58,671.7,1558.33,2343.76,2454.81,532.97,612.28,1121.51,1874.12,832.43,865.97,1215.74,347.78,1874.95,1632.11,1616.53,868.8,629.57,1295.32,589.88,1482.14,1657.44,1002.43,1549.34,662.77,605.55,623.59,166.73,1566.17,92.88,1014.86,575.33,504.07,119.55,746.96,804.33,1427.97,2245.71,2000.34,1745.54,300.37,798.89,1551.34,817.99,989.24,1885.35,992.99,1248.05,583.5,2042.66,1908.35,2850.62,1377.19,2964.81,1658.32,1574.32,1763.21,3083.18,2086.28,2663.72,3224.33,3455.11,3525.1,3600.76,3604.65,3144.15,3724.24,2345.06,3038.02,2248.78,3012.63,3304.5,2751.4,2907.26,3504.27,3103.04,3530.18,2882.73,3912.88,3354.11,type-A
2,2448.64,3099.21,2294.09,1137.67,2156.47,2060.71,2388.23,2970.93,1486.35,1614.41,2437.18,2569.82,810.94,795.97,1229.7,2110.41,508.68,1428.94,1886.29,547.88,1796.19,1949.36,1539.57,762.19,2154.07,410.94,1946.43,782.14,767.9,1437.07,1432.74,1158.68,1234.25,1180.66,1460.51,1888,581.85,1932.86,546.5,1589.66,651.35,1329.15,1941.42,651.8,666.79,1025.99,335.02,2085.54,1168.24,1596.56,1471.17,1352.11,584.71,1045.01,1649.33,925.52,2550.32,1193.37,1827.29,2652.56,2088.86,2162.53,2302.85,1246.68,2644.69,2232.69,2131.85,2886.48,1737.04,2718.87,1305.4,1941.66,2161.47,1660.73,3600.9,2679.4,2863.39,2128.1,2571.65,3981.25,3486.3,3408.26,2616.75,2661.53,2924.38,3343.63,3866.15,3641.15,4847.36,4149.6,type-A
3,2953.46,2060.69,1971.2,2904.56,1072.47,1159.72,1088.06,891.06,2539.81,2221.4,1713.62,1858.3,2069.88,1347.69,1861.81,2225.98,2233.95,1432.65,1116.83,2193.88,2218.59,2232.09,1042.72,1253.1,1270.01,678.59,1150.01,1946.6,1139.75,726.79,1357.17,872.35,1840.92,54.3,1835.86,926.76,1948.99,1721.38,1147.03,1860.91,2149.43,1285.92,1687.59,806.7,675.4,167.99,2060.19,2232.82,1470.25,616.85,1232.55,905.32,489.55,679.46,1986.82,1189.97,2390.49,1899.2,1601.61,2468.15,687,2026.69,2621.48,1908.73,1377.03,1525.93,2167.79,2380,1857.31,2886.23,1738.98,1399.35,3071.84,2145.88,2348.78,3660.35,2862.48,3177.38,3521.54,3622.76,3355.02,4169.27,3875.02,3073.65,2467.86,4558.05,2692.83,3625.87,4836.64,3809.46,type-A
4,1884.08,1686.07,2626.45,2181.35,1286.17,2595.51,2279.59,1297.71,2817.79,1214.22,1429.15,682.76,1611.31,1134.79,1824.62,1446.17,2010.11,2141.69,1902.66,1148.73,1875.65,1489.17,1126.64,709.42,905.32,1839.99,850.99,2099.16,2200.59,375.29,1644.08,1975.05,203,1061.96,1022.27,872.54,2010.53,163.06,1519.44,86.51,1155,242.62,956.06,1235.08,485.38,1354,2010.47,1918.59,803.74,283.53,1439.75,2202.1,2223.87,373.99,932.94,2415.18,531.02,646.37,1371.81,699.56,1708.2,1083.84,1622.95,1207.97,1971.09,2794.66,3035.34,2154.71,2770.52,2914.12,2584.82,2138.7,3555.03,3038.21,2408.8,3409.25,3127.26,2308.76,2064.2,2918.38,3840.73,2563.96,2463.75,3862.7,2924.73,4648.56,4113.39,4817.23,2874.38,3938.1,type-A
5,2180.62,1866.69,2172.55,1308.65,2973.06,2633.83,2932.28,962.94,2230.5,2169.02,2614.87,1751.31,2683.56,2215.73,1929.31,1097.85,1827.79,1557.62,978.12,787.95,892.16,2153.16,493.64,990,1243.02,1541.28,2067.2,552.41,522.65,1064.44,1227.49,1270.41,1812.54,2019.19,2055.47,98.7,1615.96,1985.84,60.73,1853.48,1961.4,2024.06,1895.67,1390.2,1450,568.12,467.38,879.99,1891.89,2132.29,1790.77,1741.93,422.73,376.25,1362.34,2113.04,1698.36,1675.35,1059.65,1453.86,2348.44,2141.26,1549.53,1844.32,1352.82,2276.24,2009.09,1627.21,2028.25,1911.55,2491.46,1636.29,1643.68,3430.22,2393.03,2845.76,3059.34,2572.89,2964.37,3639.98,3659.4,3410.05,2265.4,2445.22,2570.27,3443.78,4445.47,4048.36,4598.43,5009.76,type-A
6,1374.16,2468.51,2955.92,1472.37,1055.35,1004.68,1821.28,2712.95,1059.05,1749.27,1334.29,2413.21,833.36,1768.53,2324.55,2341.57,2087.62,2086.69,1771.43,366.35,1215.41,250.26,2243.9,858.25,2295.06,906.47,1364.9,1891.58,325.08,1347.42,2146.91,1647.82,1825.41,1234.31,1723.42,1853.53,413.32,1616.56,561.99,458.94,287.01,1529.87,1878.96,819.06,1004.25,1978.62,2073.3,530.69,735.14,484.35,1906.5,1457.42,2472.91,1550.31,677.34,2550.9,1019.77,1340.35,1659.92,2336.38,1054.43,1317.21,2730.18,1318.7,939.81,2743.68,2902.23,1686.49,3074.99,2852.49,3236.46,1897.2,1972.16,2042.38,3338.42,3542.52,3186.13,3257.35,2996.45,3191.84,4000.26,2995.7,2613.77,3359.47,3748.53,3193.31,4133.07,2974.77,4262.84,4602.85,type-A
7,2553.24,1859.78,2224.72,1362.56,2196.08,1948.41,1406.33,1226.89,968.68,1488.07,1476.75,1939.22,1977.46,734.12,2196.7,2412.6,1599.52,1141.52,1030.21,2268.74,690.09,2050.42,433.44,710.01,1113.14,1055.05,1237.22,1300.9,1950.75,229.51,763.15,2153.26,1774.56,2133.02,914.54,1171.45,672.65,1706.09,941.9,1099.1,390.19,1933.55,1650.59,318.26,1213.07,585.89,509.38,1031.83,1588.52,551.37,1289.51,2111.11,1237.71,1175.83,2523.79,2158.5,2030.87,2547.12,840.29,2034.04,2206.54,2733.12,1060.87,973.76,1748.64,1368.34,2515.1,1156.97,1791.55,2216.73,2179.22,2020.21,1872.27,1857.72,2459.61,3224.73,3406.49,2553.95,3694.6,3084.4,3858.59,2673.71,3374.9,3879.91,2624.86,4622,2940.82,4621.78,4632.27,4802.42,type-A
8,2308.78,2397.97,2581.63,1075.46,2044.97,3018.09,2437.7,1034.17,1688.82,2795.81,2415.64,1456.39,821.15,1966.6,2616.99,1212.88,1563.69,429.14,1934.25,437.8,1977.87,382.24,2344.52,1820.42,637.46,227.19,774.21,1411.89,1541.44,2030.71,93.14,1583.51,142.89,1067.18,1201.08,2089.77,633.07,949.75,169.65,675.55,809.68,540.33,363.28,522.59,538,442.51,438.27,1048.23,2271.44,1419.11,504.08,632.91,1359.48,1186.37,1528.41,462.62,797.46,922.33,1311.27,2123.03,1993.61,1328.37,2479.65,1426.33,2641.56,2599.42,1546.48,2440.39,2851.25,3243.16,1460.5,2263.82,2293.9,3149.19,2179.94,3357.08,3259.91,3548.69,2973.41,2334.8,2990.77,2313.33,3342.63,4384.97,3703.66,3265.58,4656.48,3059.91,3582.43,4986.51,type-A
9,3201.49,2515.22,3243.23,1794.24,1241.11,2709,2416.65,2376.22,2127.29,2354.57,1890.89,1490.66,2518.06,536.09,1829.66,1633,1563.18,1167.58,392.11,2207.25,1710.22,1933.72,2093.28,1577.46,2272.15,1980.2,1427.4,1715.81,1907.87,1661.4,1020.61,63.57,261.6,858.42,1565.37,2186.41,679.08,176.98,106.19,354.93,907.35,1740.38,735.81,1012.25,2034.85,758.76,1373.78,653.92,1995.07,793,1781.16,684.63,2268.96,1609.6,2048.14,1947.34,2433.87,1636.48,2078.44,1402.4,729.64,2735.31,2220.48,2334.57,1819,2396.51,2190.3,1115.95,2302.97,2565.51,2468.65,1789.4,1804.71,2968.62,2386.65,3703.18,2868.51,2023.19,3482.54,2218.33,3288.22,4013.95,2563.92,4075.98,3771.54,3697.71,4472.44,3557.34,3606.21,3814.8,type-A
10,893.94,2227.54,1140.44,2155.53,560.49,564.62,2508.43,388.89,1640.61,624.66,1667.81,2374.46,1205.17,932.08,1214.96,1238.62,1539.93,1700.9,206.26,876.04,451,192.07,207.46,950.75,1102.1,590.33,1587.12,1346.62,1324.98,1735.72,1877.35,458.92,1540.07,857.05,2203.57,742.84,1238.69,1274.16,1244.19,760.09,2259.64,1635.99,2328.17,1153.93,1668.56,1523.74,2200.15,1379.81,1943.53,795.35,2717.58,1854.5,2234.47,2663.32,2802.14,1346.59,1081.27,3104.16,3269.37,2598.63,3072.19,1775.68,1510.22,2033.31,2891.57,2052.77,2744.81,2695.59,2997.58,3514.89,3635.66,4067.37,2413.29,3682.15,3474.37,3951.93,2900.92,3997.54,4011.18,3450.8,3343.48,5186.85,5074.52,3561.65,5248.22,4560.3,5494,4964.58,4572.03,5168.06,type-B
11,1655.65,2414.42,675.11,819,2177.53,595.24,662.4,794.62,633.03,1443.8,2067.94,1125.99,985.13,2233.39,1147.71,638.56,2188.8,1002.17,411.04,310.49,333.76,882.45,1266.11,991.84,798.84,89.36,559.78,410.67,1261.14,572.93,508.65,939.36,1154.02,828.27,1416.59,215.55,1303.49,1291.41,1712.22,2354.09,1206.13,1966.36,603.68,2453.7,1802.83,2460.02,785.98,2106.25,2032.18,2451.91,1581.41,2580.32,2075.51,874.83,2400.85,1889.58,1774.6,1602.77,3034.27,1796.57,1572.06,2728.42,2848.86,2603.35,3304.34,2417.01,2410.55,2287.02,2513,3395.79,2123.74,2890.34,2773.24,4095.64,2753.18,4252.95,4777.06,3975.08,3237.66,2970.99,3165.5,4256.54,3457.43,4389.55,4346.63,4312.5,5135.19,4883.36,5101.39,5368.5,type-B
12,1450.21,936.8,1628.11,1360.9,1258.58,683.83,790.61,1343.51,446.06,2377.11,565.91,425.9,1856.43,1260.98,1891.14,1845.77,1967.41,1188.03,838.69,156.81,2072.4,240.05,577.94,2112.43,707.52,1688.29,514.49,2109.35,1105.77,1672.22,193.88,286.96,1965.08,1393.32,1175.18,2171.92,1706.98,2112.09,697.37,369.23,1501.92,1537.83,579.34,443.92,1940.43,1404.48,2441.65,1729.39,583.07,2724.71,2239.3,2376.9,1442.62,1140.83,1189.15,2266.23,3096.16,2706.64,1252.87,3320.49,2436.07,2171.77,2195.46,1963.12,2102.97,2960.35,1885.83,2671.17,3322.57,2246.39,4054.14,4245.01,2341.35,3067.68,2538.45,3263.51,3044.41,3660.25,4565.67,3539.73,3632.73,4504.7,4682.84,4584.54,3953.89,4409.39,5011.74,5658.85,4928.04,5206.46,type-B
13,904.01,2545.52,979.42,1705.46,1431.71,1511.81,2129.36,668.87,947.71,1931.88,288.64,1735.34,1736.28,1269.02,1301.7,1899.15,858.08,297.16,1618.37,1022.16,318.91,2151.75,1481.06,1566.76,69.64,233.06,1811.79,693.57,1194.1,2209.53,1231.11,1133.92,1487.61,2016.44,913.38,712.46,1851.84,570.85,1436.1,1770.22,402.33,421.8,1806.41,1314.37,812.45,707.1,1762.08,878.1,1353.34,1213.51,1614.63,1040.65,968.39,2053.42,1574.37,2900.17,1888.43,2018.87,1443.36,1371.85,2321.7,1561.79,2936.04,3273.19,2146.51,3540,3160.55,3205.04,3624.76,3320.09,3125.2,2638.9,4259.61,4480.8,4311.56,4169.72,3150.98,3127.07,4441.36,4691.07,4027.56,3980.39,4366.96,4339.2,4669.23,3786.92,4907.85,5383.19,4778.44,5831.31,type-B
14,1051.86,1166.35,614.11,2598.59,1936.73,2503.6,1394.42,758.64,490.38,1379.33,727.47,1886.33,729.19,1272.69,1395.47,1267.17,2093.54,1542.43,537.3,1317.03,314.84,306.29,702.97,1471.01,1590.26,2163.36,1301.32,2140.21,1578.08,1282.04,1479.82,537.66,1091.6,2168.83,1549.39,2192.76,1776.47,532.28,283.14,2181.29,939.06,1517.97,1484.62,1467.91,1827.12,1036.16,1115.53,561.66,2639.8,860.11,1717.56,2584.37,1646.27,2746.99,1161.82,2714.35,2536.25,2362.03,1927.91,2580.54,3161.2,2455.33,2333.42,3191.28,3032.49,1714.81,3405.66,2912.26,3069.38,3182.15,2097.79,3911.53,4398.15,4368.76,4189.53,3786.28,4035.34,3376.14,4856.41,4530.22,4441.77,3720.06,4535.71,4548,4457.45,5036.47,4413.91,5208.25,4563.83,4698.26,type-B
15,1733.87,1978.52,1914.55,1984.79,2526.2,2552.2,1648.02,1726.13,508.59,515.78,1627.8,308.09,245.82,834.82,1655.83,1800.69,379.09,1476.78,1823.5,976.77,522.53,819.34,1496.17,2149.46,374.23,1036.11,1212.54,1927.14,717.87,604.38,1450.43,1314.31,302.87,986.03,353.21,2166.12,1492.15,1629.3,2177.32,274,367.89,1132.4,788.25,2173.35,1409.53,616.85,1333.62,1527.22,2238.11,2323.72,763.53,2018.66,2219.41,1184.51,967.84,2687.19,2201.83,1480.1,2303.83,2007.13,1279.41,3105.16,2366.03,2801.71,2065.91,1741.54,3856.6,2033.64,3140.22,2848.07,3094.76,2403.67,3047.84,3328.2,4415.57,2806.14,3113.94,3538.46,4495.27,3532.02,3084.26,3521.19,3433.77,3478.35,4063.31,4720.96,4820.23,4228.49,5763.74,4182.64,type-B
16,1755.71,1621.2,769.32,2480.59,2330.8,2421.56,2154.46,1748,763.15,619.47,1558.98,1110.05,888.66,925.8,1678.24,1351.61,1587.8,1148.37,1161.6,1006.14,1426.74,1563.39,579,1338.27,48.8,1994.52,361.77,440.27,679.29,399.73,790.41,1915.36,786.88,1438.69,1474.51,212.97,1892.53,1174.29,1226.81,1052.18,2187.13,368.22,1539.63,2227.58,1986.22,2095.59,1683.97,1825.27,923.48,2185.45,967.87,790.45,1097.73,1569.61,1066.87,2615.7,2966.4,2709.77,2769.01,1279.33,2935.05,1721.7,3133.5,3532.45,1710.67,1865.75,3687.3,2900.71,2227.37,3368.47,3474.95,3896.24,3400.22,2465.57,2769.14,3274.75,3946.26,3616.15,3253.85,4759.59,3757.23,3415.85,3432.76,3972.19,4505.44,4213.75,4509.01,5343.21,4339.81,5773.85,type-B
17,964.74,2340.44,1706.63,2094.21,2227.94,2567.47,1014.68,846.02,2399.7,1076.3,1027.12,1008.41,1398.19,1646.91,1790.33,679.37,1474.63,1814.69,282.58,1909.89,786.24,2014.8,2034.42,1568.42,329.21,2068.58,1532.21,557.58,171.54,374.43,518.37,1320.28,1258.66,1198.04,1055.04,1450.9,1989.98,1130.72,891.07,243.82,648.17,2350.55,357.78,1650.2,2255.53,1212.15,1640.05,2060.95,1103.23,771.89,1125.39,2635.79,1659.9,2795.9,1129.22,1804.13,2720.13,2769.4,2800.89,2468.6,2563.05,3354.23,2360.65,2262.27,2877.84,2617.32,2146.39,3580.81,2363.6,3295.07,2511.1,3832.18,3803.93,3855.59,3222.37,2605.63,2686.39,3313.95,3900.45,3347.53,3707.39,3993.74,5197.19,3432.18,4343.29,4262.3,4068.61,5645.96,5812.54,5988.56,type-B
18,1595.76,1600.34,975.08,1734.72,531.28,2131.79,2233.32,2466.22,1293.76,1858.03,1058.44,1365.75,1589.4,987.11,1872.88,2132.46,1542.26,2203.1,1229.68,1235.2,1186.42,106.96,392.85,2142.25,493.17,1289.59,1227.76,1537.25,1782.11,1898.45,1342.82,948.16,234.39,1967.73,542.59,149.04,621.29,2017.17,532.37,448.95,1819.97,2249.12,2019.26,2022.85,2384.17,1149.24,1080.01,1657.33,2131.35,1875.89,2322.68,1574.45,923.07,1465.11,2626.44,1100.78,2362.26,2020.5,3158.66,2680.21,3276.77,1646,2412.4,1591.51,3448.44,2113.52,3442.43,3176.28,3058.83,3140.69,2473.16,2620.05,2820.12,3823.12,2506.31,2832.76,4104.14,4425.01,4730.37,4966.44,4869.84,4547.44,5316.36,3448.04,4868.3,4896.26,5446.9,3966.36,4257.32,6221.38,type-B
19,2030.17,850.23,1152.05,2073.49,1015.98,1684.92,1222.91,1534.34,2409.29,942.95,1291.7,1727.94,1898.13,997.52,452.85,322.33,1370.77,879.19,1216.58,774.04,1908.83,1166.68,714.84,996.62,1654.97,341.56,2103.25,2181.24,1216.68,575.56,980,1287.96,2094.41,336.55,1173.44,479.16,905.17,2042.66,890.56,458.46,594.92,2372.37,2390.67,1677.35,2466.3,1601.38,1672.24,899.35,2370.54,1310.83,2105,2021.99,818.97,2471.12,1210.53,2837.3,2555.88,2368.51,2529.97,2824.45,1899.18,3363.52,3189.05,1905.02,3578.75,3796.13,2595.8,2488.31,3419.1,3325.96,2759.22,4106.86,3489.25,3268.91,3578.91,3156.63,2892.81,3015.99,3622.44,4224.86,4302.74,4857.64,4455.88,5355.51,5582.81,4243.99,5863.74,5608.34,5953.75,4262.11,type-B
20,2556.18,1576.58,632.21,1002.45,1249.93,1424.53,1561.28,446.03,1655.25,1961.36,2102.06,621.74,1397.85,458.51,1215.15,1748.77,1632.85,2176.93,1559.89,72.02,950.92,1123.48,1828.81,2011.06,193.83,883.63,1784.42,1936.4,2112.2,1384.32,2210.16,1826.85,642.56,1107.38,1215.89,1890.18,615.49,1859.68,1829.71,1726.58,1948.33,1587.85,1908.01,1628.17,654.89,675.58,1589.87,1865.84,1997,2214.37,1373.01,981.73,1355.91,2283.5,2276.13,2048.85,1078.7,1754.53,814.5,2204.23,2244.6,1286.93,2027.43,1287.4,1880.19,1736.49,1586.47,1245.42,1779.08,2982.73,2231.03,2058.42,3413.78,2183.07,2411.44,2842.56,2888.14,3919.41,3509.09,2996.22,3244.54,2574.94,3382.75,3374.21,2684.59,3136.01,2843.4,3232.42,3017.6,4315.88,type-C
21,632.63,1235.05,1418.66,2455.99,416.56,590.35,740.08,409.97,500.37,1763.75,1345.44,555.68,1275.71,2111.38,399.66,2253.72,380.67,682.98,157.07,1959.94,144.18,497.39,1470.97,648.05,644.07,2043.09,368.46,1828.38,789.59,2156.3,460.65,947.71,2081.83,1911.81,1179.79,666.97,1435.67,562.72,2259.4,1654.52,2288.32,1946.19,2127.79,1479.01,1045.11,874.71,2056.85,455.11,1550.98,1338.06,1877.51,1066.51,1339.53,2080.27,1662.98,910.75,1820.86,818.52,2736.34,2292.83,1585.38,1437.39,2786.2,3064.91,2567.7,2969.92,3230.1,1327.22,2210.18,3418.19,2716.94,1408.26,2510.55,3267.09,3626,2076.57,3305.57,2024.74,2827.07,2390.69,3641,3955.67,3849.8,3041.59,3220.33,2484.66,2800.8,4450.83,4478.48,3458.81,type-C
22,1067.07,907.05,1622.36,2227.17,535.61,575,1526.44,1004.92,267.59,2003.49,1482.36,979.1,1319.95,1751.24,1481.02,955.46,275.35,2023.16,1757.35,2112.75,1522.83,883.1,945.19,852.26,2068.79,1345.06,1236.86,1937.66,1866.12,538.06,543.63,1714.85,804.96,213.16,1320.16,1090.59,1150.38,231.63,1280.62,924.16,934.54,1063.77,2250.73,934.16,830.45,1332.39,1927.74,1876.7,2132.39,1079.06,1891.09,597.37,1806.46,1046.72,892.51,2013.57,2135.79,2668.02,2148.56,2321.83,1080.47,2455.62,2834.85,1621.33,2069.98,2089.91,1236.97,1894.64,1964.4,1749.12,1609.79,3283.6,1995.4,3204.82,2841.84,3070.77,3162.84,3687.22,3691.58,2019.7,3791.18,2838.01,2763.99,3395.29,3882.31,3881.67,2682.03,2821.68,3265.85,2984.11,type-C
23,2040.27,499.65,1318.94,1264.23,1441.76,1071.27,1170.01,650.85,2092.56,563.93,1544.68,1916.31,550.76,1660.44,321.9,647.12,1733.37,1021.95,381.74,116.59,1946.31,1297.72,1707.8,1569.57,525.36,1042.97,1176.83,144.47,572.54,1667.9,688.26,1427.51,1035.45,784.93,456.93,358.73,1040.27,2223.83,2265.38,1994.16,690.26,2288,2372.77,1799.48,1538.41,343.88,749.35,1779.47,1511.62,920.4,1094.67,1354.49,2243.85,600.36,1767.77,860.16,1795.08,2029.03,1516.76,1994.18,2498.13,2923.21,1472.33,1286.7,2983.04,1477.35,2810.64,2312.23,2737.31,2606.18,2860.68,2836.65,3241.1,2032.92,3155.1,2746.98,1991.92,3842.25,2020.9,2070.67,2575.27,3470.88,3075.25,3913.8,3068.41,3263.75,3435.49,4375.5,4115.89,4447.36,type-C
24,705.19,1768.43,1914.68,724.13,1690.27,2443.8,1245.74,1111.12,455.63,1334.28,1845.38,2159.96,602.73,1328.53,2082.51,671.48,905.13,865.04,2123.12,1584.71,1568.94,500.31,1039.81,2100.35,507.73,1274.74,316.92,589.31,1157.07,1449.77,1669.32,749.51,1644.27,1756.61,1079.73,1142.16,492.54,310.38,1781.46,416.78,2306.11,2312.03,1794.42,646.4,1819.03,1024.5,1121,520.62,1897.6,1664.16,616.32,1965.51,1601.48,2582.24,2610.02,981.65,1740.77,1092.93,1236.53,1853.77,1494.3,1125.26,2792.78,1267.83,1623.46,2405.6,1981.76,2743.2,2560.93,2317.42,3223.87,1625.97,2982.05,2438.03,3142.18,3313.71,2338.71,3481.57,3088.45,3895.28,2878.92,3159.93,4034.36,3311.92,3084.48,3648.76,3072.36,2668.71,3729.9,3019.4,type-C
25,1155.75,1872.13,2342.5,2262.26,2200.51,760.59,1133.05,2102.57,997.01,438.81,538.28,2140.26,238.52,827.14,1518.35,1567.92,2170.76,470.41,2177.17,1727.38,1243.81,1137.63,784.83,283.2,189.74,2029.76,67.71,283.29,1806.29,612.95,373.39,2179.91,1518.87,555.53,244.73,1952.5,1818.11,2180.58,1890.35,1255.62,1705.07,424.83,1355.57,254.86,2324.52,1455.21,1025.2,555.35,1487.36,1412.39,499.9,2375.66,2018.72,1923.61,1043.75,2304.49,817.11,1204.82,2796.84,2107.12,2779.16,2630.86,1479.81,2118.4,2407.18,1455.25,1831.31,2081.39,2544.4,1968.43,3437.38,1634.53,2012.09,1737.24,2672.7,2258.75,2557.72,3156.2,3203.58,3503.15,3006.97,2510.33,3885.6,4321.34,3597.5,4448.62,4504.23,3116.48,3506.96,3222.12,type-C
26,2364.67,1896.36,2111.66,1589.2,1454.69,540.61,1250.09,1787.94,2167.47,931.9,1471.24,2308.23,1401.46,1300.07,537.29,774.73,167.89,233.51,1788.14,612.64,434.57,2205.26,1966.29,237.2,1304.68,1985.56,1883.28,1851.39,1083.18,542.47,1870.31,861.56,325.47,1784.16,1439.08,620.1,1856.98,1724.67,1908.37,1165.45,2335.16,1595.94,1302.23,981.58,562.75,1125.38,465.43,2403.85,999.65,930.98,1276.4,970.4,1862.55,1939.49,817.46,1992.53,711.13,1712.96,942.88,1071.19,2295.19,1110.43,1235.67,1180.79,2570.7,2786.74,1627.39,2084.92,3200.67,1589.54,2920.42,3476.03,1621.65,2430.81,3458.14,3501.37,3531.05,2770.79,2761.02,3394.33,3206.24,2669.74,2892.09,4200.99,3373.02,3447.35,2946.76,4372.08,2642.95,3667.53,type-C
27,1529.07,2142.07,1619.12,1605.17,718.92,2038.96,516.53,2174.45,670.01,814.27,1412.58,679.39,400.63,1261.86,237.66,1128.56,615.05,1396.78,1697.24,417.35,917.89,2109.36,88.05,399.25,71.93,574.48,1173.18,890.88,657.95,448.87,768.96,1662.09,1320.55,639.1,315.94,2023.46,206.07,257.43,345.01,1341.92,1428.68,404.75,836.6,1667.97,410.15,1706.57,851.12,2139.67,1575.73,715.02,1684.66,1524.26,739.88,2216.65,1807.02,735.21,960.35,1660.78,1878.55,1122.04,969.03,2554.89,1434.02,2949.72,1591.35,2945.87,2936.41,2023.88,3043.74,2243.95,2048.46,1406.92,2455.08,2167.91,2266.91,2917.64,2303.1,3140.56,1861.7,3292.11,3580.36,4128.72,2622.34,4214.69,2522.51,3678.02,3279.88,4545.13,2739.16,4067.38,type-C
28,1849.7,2383.52,2508.33,571.12,572.88,2334.18,821.32,1252.22,1995.58,1476.13,289.74,495.66,1064.55,1935.29,1883.68,1628.83,236.46,412.21,536.78,952.11,458.61,2192.81,1584.57,952.29,806.31,1731.23,2075.98,1827.55,317.69,2200.72,456.23,398.56,1198.46,1095.21,2114.24,613.16,2109.83,2286.05,1895.98,1136.14,428.22,1722.86,2140.55,2392.22,2237.06,1555.6,1203.99,2058.95,2185.82,2191.49,1477.19,1069.48,2341.18,1774.81,926.48,1040.45,2381.18,2390.82,2403.83,2784.89,1591.78,2636.87,2580.17,3043.31,3001.77,1849.06,2457.61,2495.91,1260.99,1623.87,2680.83,2566.98,3591.42,2884.45,3027.15,1918.2,3022.73,2007.34,1913.67,3260.64,2436.31,3627.74,4135.65,3455.13,3190.9,3343.52,3539.94,4022.99,3327.4,3836.05,type-C
29,1919.3,1999.77,1423.42,1710.62,2255.91,1071.05,931.19,613.5,814.89,1863.95,1420.39,204.72,2119.93,1193.1,145.36,1909.2,1965.41,1572.33,1640.34,590.93,608.47,1633.98,1316.9,590.85,1669.06,782.34,201.99,980.61,1683.79,357.47,1755.56,1866.26,451.26,2179.47,1071.92,1024.77,806.55,1445.02,606.02,1272.88,1679.63,998.88,1321.88,813.39,1050.96,396.97,2475.87,2063.22,2375.25,536.5,2263.57,663.58,2547.7,1697.49,1206.86,2063.57,1117.2,1116.41,925.51,2905.15,2162.07,1310.4,3064.75,977.52,1408.01,2215.46,2208.74,3135.71,2217.29,1393.9,3196.84,2044.42,2641.11,3651.47,2016.36,2423.93,3600.22,2247.86,2282.15,2381.49,3786.01,3879.38,2209.13,3857.55,3913.78,3021.3,3894.2,3837.57,2725.35,3397.02,type-C
30,2174.04,2842.46,2407.14,2114.13,1985.5,2098.06,2004.93,1556.46,1863.61,2415.83,710.34,1605.99,1775.8,1816.05,1236.75,1861.16,2291.03,2182.79,1165.14,1112.21,544.72,1624.05,1533.48,749.38,942.36,835.29,444.03,1283.17,1062.26,1131.54,70.01,1307.61,1784.75,322.43,385.14,1215.46,1095.6,990.11,151.36,1627.36,243.75,349.38,309.93,1241.35,1023.05,825.5,195.08,320.89,2090.34,2309.04,1877.11,926.35,290.68,656.91,2361.83,1392.51,1540.41,2492.67,663.9,1955.51,2082.16,918.65,1329.81,1754.17,2604.06,1621.14,1783.55,872.4,2221.05,2736.8,2660.91,1672.13,2680.46,2400.63,2602.11,3204.81,2476.43,2754.68,2253.4,1383.65,2708.9,1488.49,1840.09,2955.98,3054.29,2487.26,3524.75,2873.51,3018.74,3762.37,type-D
31,2397.22,2720.31,887.01,2353.59,686.57,1546.64,2652.01,2210.65,1767.01,1189,1030.62,2154.91,1876.56,2204.81,1923.78,804.12,1938.17,773.46,2350.88,2006.57,668.8,260.63,781.43,1555.25,228.78,1799.36,241.84,858.49,1392.57,1044.08,454.26,1821.55,1901.07,1338.8,737.94,1895.78,209.3,1953.15,608.8,1005.26,221.2,664.89,218.16,1600.47,2204.53,1989.24,801.86,310.42,186.45,635.75,896.49,1662.81,457.14,1882.39,487.04,2394.04,866.32,1256.38,772.98,2425.28,2486.33,617.71,1021.66,1941.41,1353.83,1306.01,1310.64,2008.17,830.62,1303.01,1508.08,1536.73,1993.97,1893.08,2175.1,1852.94,2890.43,2399.45,2306.75,2202.67,1550.12,3109.55,2287.18,1675.76,2184.84,3495.81,2323.83,2975.19,2836.31,3538.02,type-D
32,1933.24,2036.75,2396.56,2118.56,1403.52,1417.85,2564.32,1324.23,1387.09,1523.06,671.17,2438.99,1059.13,2488.21,1929.77,2053.97,653.71,265.2,1487.35,1700.63,1595.69,981.67,743.64,581.9,1668.56,1709.2,2018.57,805.04,1511.05,1354.4,1438.92,741.8,1716.51,1428.3,1947.68,471.06,375.47,809.91,1620.03,2096.07,1985.16,558.74,609,1478.91,167.79,189.51,1944.81,227.01,2255.56,639.65,1139.75,829.24,2270.62,313.59,1687.85,1400.29,451.57,614.09,1291.75,802.84,1549.75,1810.87,1734,2030.56,2268.27,2654.79,2337.62,2438.38,2088.21,2266.45,1608.63,2344.41,2175.95,1419.33,2219.63,2237.92,2260.16,1418.68,1882.42,1781.73,3314.78,3089.14,2609.25,2343.85,2442.07,1755.06,2890.42,2692.64,2002.48,3333.82,type-D
33,1341.71,2704.06,2595.08,852.14,1734.28,1472.41,2481.03,857.84,2111.86,530.93,1030.55,1914.04,1692.94,1438.14,1578.34,797.46,980.93,2035.77,2105.97,1720.1,527.35,1111.18,955.9,1468.85,1321.63,1621.42,683.45,1458.57,95.84,1311.74,1647.36,794.36,681.88,1146.16,1071.22,1648,687.61,439.45,1486.63,790.71,1130.37,488.03,1310.33,1250.38,843.91,1034.36,1312.75,646.21,1236.84,1460.18,2172.86,706.28,1552.63,1354.96,1085.45,518.98,1721.09,1722.64,2351.38,1698.59,1390.12,1858.82,2018.14,749.18,2462.02,1635.23,1394.98,1189.72,2870.22,2223.81,2087.53,2082.16,2851.81,1885.03,2874.06,2493.19,1588.19,2102.5,1784.31,2423.8,2672.54,1406.23,2572.64,1829.99,2631.23,1705.58,2634.19,2400.69,2680.38,4059.77,type-D
34,1252.43,2420.32,2580.27,1370.87,1115.14,1865.57,947.32,2691.41,1005.68,1710.13,511.98,1953.29,1146.75,1590.1,904.06,376.58,1943.18,1818.75,708.24,726.18,897.88,1021.22,230.74,2194.14,665.63,517.57,1544.34,2174.98,1946.4,969.81,1264.33,362.89,634.61,1989.15,1435.57,1304.95,1801.15,1859.12,582.7,524,199.46,1999.4,1868.47,1094.67,498.23,585.99,942.13,451.92,764.51,446.32,1365.56,524.34,328.26,2134.77,659.11,701.69,749.93,716.51,1305.82,1318.48,1063.1,1585.17,1403.62,840.71,2589.2,637.92,2347.91,1421.79,833.59,1337.52,1026.34,1964.98,1566.58,2366.84,1541.17,1669.34,2573.61,2305.13,1387.3,1440.63,1551.16,3381.62,2941.48,1777.85,3537.04,2967,2166.33,3075.37,2574.91,2801.42,type-D
35,987.74,1373.98,1060.4,2676.07,2037.82,923.21,1333.42,1644.61,1284.78,1777.67,2027.29,1818.46,786.97,1507.6,1587.31,604.5,755.16,363.27,464.42,354.77,2002.43,1111.36,655.07,1629.65,407.54,1401.03,1828.16,812.9,1729.89,696.19,1438.6,1121.89,659.6,827.22,306.74,1944.12,333.62,782.54,1312.58,1202.25,931.3,1283.17,744.7,1619.14,1161.15,1964.61,2021.19,1431.24,1299.76,521.05,2061.77,1774.07,930.68,917.06,1691.88,1985.95,1907.76,2277.15,569.51,1884.43,1914.48,2275.65,1624.38,1772.46,2597.09,2382.94,2243.04,943.5,1776.47,1757.02,1466.06,2081.03,1107.35,2784.2,1292.76,1627.45,1747.81,1632.03,2891.85,2229.68,3078.15,2130.78,1463.53,1799.56,2476.74,3297.88,2077.86,2491.08,2400.55,2225.86,type-D
36,864.6,812.04,2655.04,1553.02,1308.39,811.5,1618.61,1149.37,2094.16,2223.52,2378.27,999.24,1049.3,1899.68,2326.33,1586.8,1794.8,262.89,1507.38,891.53,1323.13,1098.94,173.44,1740.66,418.3,1018.02,340.67,1873.69,1613.79,2118.63,1925.25,1078.9,147.86,1706.74,1346.04,1015.66,394.48,845.74,1839.03,1260.56,931.85,1376.32,1638.46,2233.73,1416.17,1459.01,1734.4,2196,1560.97,1183.04,1793.23,1779.57,1304.74,829.86,2108.11,755.12,2466.15,1058.1,534.27,1383.36,1718.39,1333.19,1381.3,1270.07,1373.88,2376.59,1061.01,2712.79,1321.17,2060.82,875.72,1304.1,1606.32,1075.99,2754.86,2774.01,2932.45,1999.64,2099.07,2042.21,1526.2,2479.56,3189.35,1932.46,1757.21,2598.28,3603.71,2273.47,3868.98,3408.9,type-D
37,2622.35,1874.55,802.05,2763.7,2171.16,1373.41,1097.24,793.37,2514.25,2089.15,1419.13,2467.86,1443.94,459.43,2404.22,1276.09,1071.11,1198.94,862.77,2116.13,778,1317.87,814.84,533.77,220.82,730.88,376.46,195.45,370.82,1235.75,632.78,83.04,691.9,806.05,684.54,2059.35,1868.7,1294.65,1036.32,780.59,1320.51,755.31,387.14,1345.9,1742.44,1095.25,923.15,1327.67,1063.1,1339.77,207.08,457.29,1403.26,1084.86,865.2,928.71,856.49,596.05,1761.69,1242.71,1376.29,2396.08,2076.1,1556.08,2676.11,758.27,1458.85,1662.52,1489.94,2284.27,2935.51,2787.51,2239.11,2728.54,2017.6,1385.69,1604.59,2435.49,2364.32,3089.12,1804.01,2436.25,3345.37,1626.86,1606.4,1977.88,2596.27,2825.23,3330.37,3196.5,type-D
38,1134.06,1662.09,2267.4,2598.85,1792.89,1050.77,1692.78,2515.59,658.83,2153.96,916.38,572.81,1187.04,790.13,2446.42,317.74,1751.61,589.49,523.44,1142.92,1494.87,1884.94,1624.33,925.64,559.4,721.68,1414.94,1891.68,1259.78,1747.69,1205.37,1231.57,1220.45,275.62,565.76,777.16,946.96,1324.02,1370.47,166.65,1282.43,824.52,2218.64,2062.21,668.19,1537.54,1079.25,570.85,1249.64,1941.13,587.95,724.39,1635.82,636.38,317.04,1960.48,1841.1,2385.88,892.79,1964.19,2104.4,1837.85,2308.48,1645.79,831.76,1085.99,2546.97,2796.46,2465.23,1828.19,2894.09,1894.85,2184.64,2806.27,1691.11,1882.72,2271.27,2555.74,2009.68,1500.92,1754.31,1700.08,2187.98,3253.13,3076.22,2487.59,2455.71,2107.81,2388.32,3126.92,type-D
39,1452.08,1680.47,1456.53,1146.91,983.92,2371.24,880.1,1514.84,1220.81,2350.72,2315.58,884.49,2175.64,2233.09,1533.66,711.35,1192.37,1195.78,598.63,1807.44,1091.29,1071.83,1452.61,927.43,1136.89,418.4,1231.83,592.77,1050.25,1854.99,1662.86,1956.41,2090.73,71.81,954.34,1925.4,111.71,376.79,774.1,1349.19,1446.75,1386.74,1079.39,1835.62,322.55,926.19,1488.87,1748.56,1477.43,989.52,1153.33,614.07,2102.9,1882.68,826.86,545.17,2127.78,1115.4,1420.49,647.73,534.89,1834.28,592.01,1998.75,593.11,625.16,1979.39,2288.22,1894.79,2804.21,1098.52,2333.52,2493.63,1839.22,2302.74,2804.36,1278.43,2869.29,2117.6,3384.09,2936.74,1554.93,2901.37,2774.78,3466.64,2380.73,1734.81,2143.8,3100.59,3393.19,type-D
40,2535.36,4374.8,2521.59,2276.3,3229.92,2816.74,2009.34,3721.66,1833.13,2352.97,2919.44,2901.33,1413.94,1847.35,2632.21,1503.8,969.87,1202.95,978.77,970.55,1375.06,2398.47,862.66,1305.83,435.11,594.43,429.15,2261.86,1921.98,256.61,527.15,1121.63,1368.71,1945.14,2145.12,1249.61,356.16,192.48,1478.81,1111.18,173.52,525.74,594.71,937.77,1351.22,1784.32,1202.21,942.3,2002.55,2281.09,830.06,2493.91,2500.22,2505.25,2761.99,2534.08,926.9,2168.05,1356.08,3312.38,1817.91,3459.25,2658.41,1823.69,3816.61,2329.56,2073.08,2777.34,2355.1,2876.84,3122.34,2972.22,3819.02,4766.31,5074.42,3496.86,4883.48,4163.45,4959.11,4804.72,5068.1,5986.36,4831.59,5605.48,5745.62,6230.97,6967.49,6708.49,5608.31,7146.98,type-E
41,3016.98,2710.88,3547.56,2927.97,2396.2,3607.83,1861.91,3720.42,2592.49,3049.9,2302.26,2237.57,1270.17,2909.51,1899.57,2493.37,797.78,1121.48,829.43,1295.9,1113.22,2048.36,2126.1,1307.21,1298.45,669.63,2253.73,339.08,2089.18,1408.29,361.85,1393.2,2130.47,1264.17,1144.82,1185.73,1388.83,560.36,2093.27,747.75,1680.87,1546.84,224.64,763.55,1549.61,1642.29,1614.14,1546.52,623.78,1012.07,1630.38,813.93,1941.93,2355.98,840.62,1059.45,1401.19,1244.64,1436.6,1226.66,1577.45,2318.49,3432.01,2986.62,3553.54,1966.08,2230.32,3829.96,2500.68,3318.12,3256.64,2875.61,4063.66,3239.02,3871.96,4585.78,5197.79,3570.54,4614.09,5002.8,5951.06,4273.77,5487.51,5746.76,6349.04,6627.04,6880.56,6216.88,6568.4,7357.17,type-E
42,3505.57,3739.9,2841.9,3731.95,2132.77,3678.76,3828.37,1790.87,1502.98,2241.23,2303.52,3024,1257.48,3031.69,2220.75,2738.45,1659.01,2193.65,2570.93,2137.89,1615.2,1277.76,997.59,1316.05,1731.22,1805.28,1675.55,733.26,1053.31,1948.82,1953.35,1770,1585.74,1900.45,702.71,1969.77,1983.45,1268.5,1237.18,1645.49,1013,2174.69,1645.45,633.69,2052.82,1698.56,1583.12,849.72,2320.38,1279.7,2471.33,1635.54,789.47,1054.15,2527.74,1723.63,2749.41,2134.46,2703.1,1590.46,2431.8,1525.57,3255.45,2080.43,2088.11,2521.82,3831.66,2257.06,3433.23,4433.59,3347.03,3242.44,3369.68,3095.41,3341.95,3932.63,5415.8,4901.97,5530.07,4906.66,4322.23,5242.83,4849.38,6215.18,5491.48,5971.09,6650,5900.15,7682.78,7418.53,type-E
43,2803.16,3016.63,4148.39,3163.8,2845.56,3741.96,2245.52,1667.68,2886.53,3182.87,3256.04,2451.17,2539.02,2039.17,2315.75,1406.48,2758.34,2657.1,1278.51,670.7,1423.09,1463.59,2518.97,1978.08,1463.97,865.13,1870.81,1273.76,1251.32,622.54,582.91,1646.55,1979.44,1979.56,730.38,507.51,764.42,1537.01,1733.07,95,2227.7,2220.12,1553.4,291.04,1862.14,1723.82,1564.2,670.49,1830.1,812.46,569.89,686.95,1129.51,2477.98,2753.1,2600.27,2574.48,1335.03,1940.46,2686.25,2824,2674.58,2301.53,3650.73,2747.93,2694.76,2235.17,3276.11,3363.28,3507.7,2801.42,3458.89,3896.17,4747.08,3875.15,3933.68,4714.01,4775.43,4960.83,4220.12,5034.65,4220.01,5471.74,5177.22,5766.81,5372.32,5649.18,6516.84,7642.25,7044.6,type-E
44,3605.74,3757.74,3263.82,3718.72,2055.07,1864.27,2922.78,2058.05,3476.2,2642.88,2076.75,2114.31,2477.8,2028.49,1935.18,1300.88,2578.29,870.73,2373.52,2137.7,890.93,869.39,586.1,1716.9,704.67,2084.98,1994.12,505.57,783.41,804.04,198.72,103.75,1856.9,2046.25,2034.44,281.59,1340.33,2148.99,1866.88,1915.21,566.87,1864.74,1565.56,1641.54,1144.69,247.3,1104.35,1420.74,1404.2,1140.3,1949.96,1356.02,765.92,2446.6,1826.41,975.28,2683.04,2151.73,2463.99,3056.92,1395.04,3418.99,2916.11,3372.19,3706.76,2039.62,4045.6,2243.09,3532.33,3300.1,3547.71,2753.87,4262.73,3301.72,3976.95,4916.78,5232.44,4317.88,5283.28,4086.91,4067.84,4618.33,5522.06,4780.1,6536.4,6334.38,6432.3,7321.9,6240.7,5907.72,type-E
45,4151.14,3623.35,2572.69,2476.26,3321.59,3487.55,2615.38,2068.51,1968.19,3415.07,2541.52,3109.31,2852.1,3124.27,1271.86,2667.46,2280.79,1404.28,1049.15,1185.92,1986.03,1388.08,2332.97,1818.56,603.24,536.95,871.44,1195.76,1328.32,854.98,385.76,1385.86,1916.78,2119.52,1784.23,1639.82,537.59,2181.01,412.24,1106.65,636.75,424.58,1113.55,886.33,1334.16,2251.08,1672.14,2149.01,1922.74,1138.58,553.65,2390.49,2552.08,682.43,2868.37,2128.98,1716.94,2612.42,2894.91,2861.5,3005.81,2704.18,3567.15,3628.42,3392.71,2039.69,2811.44,2811.55,2837.52,4101.15,3430.98,3899.35,2852.78,3773.88,4043.62,4424.68,5469.81,4202.55,5379.22,5680.06,4551.6,5188.57,5168.52,5611.91,5220.45,6878.65,6191.18,7385.53,5648.01,6569.34,type-E
46,3548.84,3259.53,2396.66,4128.1,1931.86,3874.21,2498.56,3149.09,1531.93,2253.84,2371.47,2424.99,2304.32,1349.79,1373.3,2295.6,1150.4,2680.64,2281.35,2482.21,663.3,1168.83,1547.67,1343.42,1601.78,2365.01,2273.37,2022.49,874.08,2180.86,2058.95,2214.93,2039.78,840.62,123.57,577.31,130.75,2141.28,854.25,2042.61,1341.44,916.22,151.26,1808.31,1897.93,1607.23,365.42,2119.59,2301.22,2259.74,2095.3,1265.35,1072.73,2711.67,880.62,1208.22,2802.36,1684.49,1448.04,3315.93,3119.03,2042.01,2940.99,1961.78,3161.84,2311.74,2477.47,3482.39,3242.31,3017.77,3822.13,4509.47,3408.22,3398.93,4271.38,4832.94,4176.99,4329.47,5072.96,4352.8,4962.54,5189.51,5791.47,4633.41,6444.3,5771.5,5201.91,6037.87,7192.4,6971.64,type-E
47,3566.34,3142.22,2459.12,3952.54,2848.43,2295.59,3460.98,3181.01,2888.22,1440.79,2496.58,1585.35,1900.15,2723.44,2556.43,1504.3,1259.85,2272.78,1955.79,2024.34,2060.34,2043.27,623.54,1474.66,1375.88,2033.82,965.34,1649.41,1561.34,1893.3,2173.58,315.41,411.39,997.42,362.1,2043.1,1862.13,1194.19,671.96,831.66,625.78,294.79,2212.95,1993.64,591.58,1904.39,2349.57,1896.51,1736.19,988.86,2574.83,554.93,1952.06,1297.65,1072.42,1448.06,1130.48,2565.11,1775.94,2163.95,1843.31,3138.65,1793.65,2785.89,2312.18,2681.43,2500.18,2109.77,3170.38,3144.19,3609.23,4676.7,3808.37,4124.91,4548.68,3611.44,4012.98,4182.17,5817,5977.38,5526.01,4725.5,5994.77,5170.09,5612.9,6054.74,6482.6,5485.12,6269.71,5950.58,type-E
48,4355.33,2759.89,3704.1,2829.31,3380.02,3848.99,3737.35,2494.41,1683.05,3115.08,2885.5,2943.3,1705.85,1266.48,2811.66,1899.48,1990.82,1282.41,1051.73,834.46,1154.02,545.85,1943.49,518.81,1114.69,1561.75,622.17,1601.01,1089.14,1544.78,2006.74,630.71,2139.97,1879.01,1278.57,149.25,1532.23,893.97,1887.39,1445.04,1495.07,1250.39,798.9,1547.86,1631.82,417.38,1928.15,678.86,506.44,799.25,1764.14,943.61,2630.38,934.62,1050.68,1201.81,1561.86,1078.06,2348.38,3030.53,2527.11,1862.62,2863.72,3232.23,2808.87,2571.09,1972.92,2322.43,3349.68,3149.86,3020.01,4343.56,3804.39,4254.98,4590.43,4913.08,4990.24,4300.26,4835.76,4449.77,5956.04,4982.37,4854.29,6478.57,5763.43,5747.24,7274.23,7258.67,5801.31,6218.05,type-E
49,2748.26,3279.76,2422.65,2190.72,3377.73,2319.3,3150.42,1647.2,1759.66,1882.84,2994.84,2356.64,2030.15,1767.14,2348.93,1726.43,2509.24,2042.63,2374.06,1012.7,876.67,2143.68,2052.86,680.94,973.91,1506.81,2201.59,589.17,579.46,2069.95,579.46,1402.14,623.17,2153.06,1088.99,744.69,252.82,445.81,1310.83,794.66,2022.91,424.58,1921,923.42,657.27,923.26,499.56,480.56,1299.26,1750.91,979.26,1180.82,929.04,1313.41,939.45,1817.69,1282.21,1356.83,1856.94,1950.69,1563.86,1903.16,3294.23,2334.12,2720.4,2190.56,2490.61,3113.78,2616.1,2717.49,2801.61,4075.65,4543.66,4871.9,4835.8,4857.89,3458.19,4510.31,4942.16,5200.26,4675.52,6071.83,6283.98,6677.44,6044.18,5952.66,6961.08,7155.63,6152.1,7491.44,type-E
